ds,SPY,TA35.TA,IEI,LQD
2022-01-17,,,,
2022-01-18,,8.910190212585434e-05,,
2022-01-19,,-0.00018613111706267116,,
2022-01-20,,-0.0016333216592069322,,
2022-01-21,,0.003021480254826736,,
2022-01-22,,-0.0012100850740870417,,
2022-01-23,,-0.0071778212621465,,
2022-01-24,,-0.0009061375698434793,,
2022-01-25,,-8.975111305176142e-05,,
2022-01-26,0.00012813762719776634,-0.0002212820585584252,0.00017289410741416766,0.00020322048886289856
2022-01-27,0.0003879887166895468,-0.0015339863410303023,0.0001585974794127143,-6.657221762740306e-06
2022-01-28,0.0005633906690969415,0.003303138323846877,0.00015851518386367225,0.0001966731499125629
2022-01-29,0.013708993254628377,-0.0008261949579263517,-0.004103409481935216,0.01006747139699704
2022-01-30,0.000489158474884066,-0.006709665580271751,9.123657347309688e-05,4.9543499176296635e-05
2022-01-31,-0.013000995793137626,-0.0002698817758519656,0.004253968597284219,-0.01001794790022803
2022-02-01,0.001080462602319976,0.0006547299555113018,6.236291461569898e-05,5.457701327427067e-05
2022-02-02,0.0004071121285333934,0.0006071176321775784,4.602247690921324e-05,0.00014470308125269504
2022-02-03,0.0006601842742885999,-0.0006461939042403664,3.8338709087870626e-05,-4.7449099508045656e-05
2022-02-04,0.0008228543557067258,0.004257459650590878,4.632226397749406e-05,0.0001732971003944872
2022-02-05,0.013898087586967645,0.00013275370808085718,-0.00420451185200188,0.010057632227190583
2022-02-06,0.0007044428702474015,-0.005759698994316165,-1.696451490285078e-06,5.818707797144995e-05
2022-02-07,-0.012755019400939815,0.000679059319709685,0.004171229565456347,-0.009992847601329458
2022-02-08,0.0012337070151822171,0.001562160748047603,-7.5148913235567605e-06,8.746596957420749e-05
2022-02-09,0.000525906482742311,0.0014510456509024827,-1.2003529904047738e-05,0.00018534387813406994
2022-02-10,0.0007368996421459606,0.00011775426095717023,-7.817092008477466e-06,-2.3856814334033416e-06
2022-02-11,0.0008552715525655952,0.004912749644989445,1.1825980607893527e-05,0.0002188592011438395
2022-02-12,0.01381976311415034,0.0006832977197341883,-0.0042280627461873665,0.010094744828920144
2022-02-13,0.0006467481132035324,-0.005311557292712377,-1.4401335657554526e-05,9.26081295127279e-05
2022-02-14,-0.012792779987679914,0.0009729542342968855,0.004168828384400802,-0.00996398772385243
2022-02-15,0.0010809300465683958,0.0017128465562328277,-1.4414908342530453e-06,9.521380232069276e-05
2022-02-16,0.00033281338223045687,0.001460279382248686,1.9295512416750427e-06,0.0001738764328942377
2022-02-17,0.0005014640665050862,-7.835189987259739e-06,1.2858470436416525e-05,-3.62003685665524e-05
2022-02-18,0.000581263295361456,0.004629014201552373,3.807959864809973e-05,0.00015961690205079648
2022-02-19,0.013460055199109089,0.0002897329495297196,-0.004197582720979587,0.01000289526389464
2022-02-20,0.0003142884466775797,-0.0058025744802315815,1.962231800778369e-05,-2.2048383046868736e-05
2022-02-21,-0.013105060025646709,0.00034773843493085543,0.004204870367410685,-0.010105161847804744
2022-02-22,0.0006992455352219373,0.000992977262168404,3.5618436328377356e-05,-8.048823030004648e-05
2022-02-23,-5.961602985482539e-05,0.0006661566601631197,3.9101461252410985e-05,-3.094401865821883e-05
2022-02-24,0.00010151947561376495,-0.0008568828814122798,4.930393703572733e-05,-0.00026845828930155413
2022-02-25,0.0001804079097460498,0.003739500796918316,7.308921985416106e-05,-9.749045248963473e-05
2022-02-26,0.013046546643474821,-0.0006133833330278504,-0.004163695171940374,0.009731256326909854
2022-02-27,-6.419804657464834e-05,-0.006713082465685027,5.0361690800304615e-05,-0.0003151686689251143
2022-02-28,-0.013457943208119771,-0.0005360977748928297,0.004231796047625025,-0.010423398812271945
2022-03-01,0.00035596342325283636,0.00015392540036329727,6.077958337669109e-05,-0.00039611616047652287
2022-03-02,-0.00037446057121715004,-0.00011173593509183899,6.15181445891011e-05,-0.00034739351090251613
2022-03-03,-0.00018054935442435305,-0.0015630531002397419,6.914284592252073e-05,-0.0005798420998457399
2022-03-04,-6.463342142226658e-05,0.0031522545068418673,9.063443623236189e-05,-0.0003962402797157427
2022-03-05,0.012853826799284818,-0.0011164107758669939,-0.004146420704802312,0.009479545614866414
2022-03-06,-0.00022353460382507073,-0.007139955016843391,6.466807678973119e-05,-0.0005668657773423291
2022-03-07,-0.013589357531497814,-0.0007964495349587208,0.004243489684032875,-0.010676501399549343
2022-03-08,0.0002874536886934287,3.160195701834567e-05,7.38484986397836e-05,-0.0005790301146388899
2022-03-09,-0.00039637700929973096,-0.00010015499783144755,7.488337053640493e-05,-0.00048526526772663114
2022-03-10,-0.00015458605472418174,-0.0014267203306344012,8.338799118678963e-05,-0.0006685064389714279
2022-03-11,8.397464560827572e-06,0.0034572082877517563,0.0001063090103556874,-0.0004296144614585051
2022-03-12,0.01299032874304773,-0.0007168972431490506,-0.004126758904801853,0.00954420719619864
2022-03-13,-6.375396757296592e-05,-0.006661268717385704,8.475974314303691e-05,-0.00048285059481634196
2022-03-14,-0.013403735269872041,-0.00016150478828569348,0.004264131743993094,-0.010570135643895195
2022-03-15,0.0005288898004400799,0.0007690693935114012,9.953609978707867e-05,-0.00036923217021989085
2022-03-16,-0.00012113582831474456,0.0007193183435958428,0.00010366092248337289,-0.00021325708855035597
2022-03-17,0.000151538779347149,-0.0005451923021002614,0.00011525773305165465,-0.00033727569997421547
2022-03-18,0.00034109232759438335,0.004407785026012689,0.00014114304126811028,-4.089938595874809e-05
2022-03-19,0.01334194403186273,0.00025188947140541984,-0.004086380341322804,0.010010894766006029
2022-03-20,0.0003040859064458168,-0.005681455625756504,0.00012488346611339018,1.287972291041939e-07
2022-03-21,-0.013009902682407426,0.0008335971319497482,0.004303047305149299,-0.010063350554953887
2022-03-22,0.0009230962837871726,0.0017478979927327831,0.00014269272527056565,0.00019287442069382266
2022-03-23,0.0002782758555692766,0.001665469952709886,0.0001474607255878002,0.00037433461308777893
2022-03-24,0.0005507415160106444,0.00035754768994400443,0.0001589535727992697,0.00026705494836054555
2022-03-25,0.0007359714224133285,0.005235755834687383,0.0001839270660597414,0.0005712465463461047
2022-03-26,0.013690784594930783,0.0010216880501339176,-0.004041269119031576,0.010609006555957867
2022-03-27,0.0006753091172251313,-0.004959926265888037,0.00016357770458075294,0.0005941886120570672
2022-03-28,-0.01260416014642074,0.001438690132899545,0.0043340028040512735,-0.009464224312780378
2022-03-29,0.0012651769769598253,0.0022542108467435984,0.00017365878677000346,0.0007444203867887911
2022-03-30,0.0006030211681486985,0.002075171607555548,0.00017351213419991574,0.0008885152514264139
2022-03-31,0.0008522606060024085,0.0006784336837515337,0.00017941978425151106,0.0007372541852965764
2022-04-01,0.0010125897976676068,0.005421867261497626,0.00019822310620520867,0.0009890136978372155
2022-04-02,0.013873063452999546,0.0011438795979461513,-0.004028660529013406,0.010919655361433689
2022-04-03,0.0008969837064243258,-0.004881900093639091,0.00016436562394406273,0.0008899344650503682
2022-04-04,-0.012334104242139876,0.0013780835999410712,0.0043227209371952124,-0.009177186044219354
2022-04-05,0.0014301347593301816,0.0021054393957642414,0.00016010514930786535,0.0009087502048312768
2022-04-06,0.000743031147839357,0.0018534557118119466,0.00015285643333395882,0.000982641392595296
2022-04-07,0.0009617084655195729,0.00040081156637850057,0.0001518921115057914,0.0007628974434816804
2022-04-08,0.0010919722080331429,0.005050184559023396,0.00016419127262246036,0.0009448540158099039
2022-04-09,0.013840427374045117,0.0007548764901750271,-0.004064134307644296,0.010748887620943615
2022-04-10,0.0009195284002367909,-0.005272865646697711,0.00011890144795212443,0.0007195815151992413
2022-04-11,-0.012253667666403012,0.0009096220780919761,0.004268575937390384,-0.009347016958474064
2022-04-12,0.0013943583375786162,0.0016075439670002467,0.00010659450298033946,0.0006255334198066453
2022-04-13,0.0006853797753625379,0.00134012107819248,9.661302601227106e-05,0.0006522563494921751
2022-04-14,0.0008772100413736439,-0.00011539848814889897,9.392048604572878e-05,0.00039362465169134886
2022-04-15,0.0009823336082814826,0.004509602711987748,0.00010553367788346257,0.0005418441019984233
2022-04-16,0.013628028292722139,0.00023629889446818986,-0.004119399950018643,0.010279323064009693
2022-04-17,0.0007681469514244643,-0.005765485967638595,6.189419052882172e-05,0.00027925144753560005
2022-04-18,-0.012347356532069864,0.0004056153001177343,0.004211607861394073,-0.009763463655727556
2022-04-19,0.001199431881842905,0.0011172722651853206,5.582595490993825e-05,0.0001694721704206259
2022-04-20,0.0004778545504620091,0.0008693644397539391,5.0265975211516434e-05,0.00020168448878798984
2022-04-21,0.000653746336397143,-0.000563067489536051,5.282339848422524e-05,-4.370185158475426e-05
2022-04-22,0.0007456091373807539,0.004080312168634803,7.040570846617022e-05,0.00012343603367814815
2022-04-23,0.013318394285374291,-0.00016404769793942897,-0.004146405419034771,0.009875077756881012
2022-04-24,0.0005171844946136872,-0.006141087700520909,4.030707217927976e-05,-7.953334065080586e-05
2022-04-25,-0.012546238466552118,5.4238322432453856e-05,0.00419609306459634,-0.0100837367252532
2022-04-26,0.0009349086524892414,0.0007934919258505424,4.921277372593735e-05,-0.00011928291821639014
2022-04-27,0.0002162938592344954,0.000573475235144727,5.118758235433951e-05,-4.5638100503953005e-05
2022-04-28,0.0003941635671580457,-0.0008323412128136143,6.11290074032933e-05,-0.00024779248718631575
2022-04-29,0.0004913559743027207,0.003847298901060503,8.578799720737607e-05,-3.62893855097024e-05
2022-04-30,0.013033139652650627,-0.00037369142829790647,-0.004123043812668925,0.009767949535876674
2022-05-01,0.0002866992176331351,-0.006333010782020088,6.848965487216141e-05,-0.00015063192674913406
2022-05-02,-0.012728030784447841,-9.41515683645644e-05,0.00422808050984691,-0.010123256177974826
2022-05-03,0.0007318574483103912,0.0006795820792842022,8.710043846549276e-05,-0.00010907813517113674
2022-05-04,3.480142277512144e-05,0.0004929500246453333,9.264991950730384e-05,1.677518815856871e-06
2022-05-05,0.00023439936062996658,-0.0008815981290913877,0.00010516352536837914,-0.00016708098201645427
2022-05-06,0.0003557561915636942,0.003846584313522694,0.00013133187276337388,7.437015795663804e-05
2022-05-07,0.012901469394376974,-0.0003489103160103646,-0.004074659372107825,0.009912002409725229
2022-05-08,0.00020650537816591097,-0.006286550658193946,0.0001140013898821568,4.966019802932209e-06
2022-05-09,-0.012759223572617828,7.61742808652599e-06,0.004269060089433063,-0.009956364378711502
2022-05-10,0.000708519765483473,0.0008215829594733215,0.0001278470344741045,7.654710271554066e-05
2022-05-11,4.2467562088255306e-05,0.0006720741049164314,0.0001295791902946597,0.00019473632543065555
2022-05-12,0.0002714910341876653,-0.0006689865921966076,0.00013734186124025882,2.9037826611011397e-05
2022-05-13,0.0004216838711827986,0.004103984012437278,0.00015791241010831847,0.00026949369082562846
2022-05-14,0.012974792178526817,-6.822918329041361e-05,-0.004050834327789077,0.010098127795186151
2022-05-15,0.0003250961808094477,-0.005984913730660346,0.0001274490952700713,0.00018553245716823596
2022-05-16,-0.012593432286563844,0.0003459697644634385,0.0042714529380829536,-0.00977868143980265
2022-05-17,0.0008729267344420588,0.0011815527977900864,0.00012617889050670072,0.00023461732373775135
2022-05-18,0.00022638087144000174,0.0010469588889285841,0.00012006234144834593,0.0003374389187629223
2022-05-19,0.00046974351735018516,-0.0002851697305499279,0.00011996341999043203,0.0001553051030462882
2022-05-20,0.0006305982658525444,0.004489752697832472,0.0001328116192018669,0.00037794489668985243
2022-05-21,0.013156316695654091,0.00031315784205654396,-0.004079843005844519,0.010173816559796434
2022-05-22,0.000541382296973314,-0.005608615722900945,8.786460464560442e-05,0.00025765166447122567
2022-05-23,-0.012338077072734377,0.0006983347193210143,0.004222341088045312,-0.009707209781870896
2022-05-24,0.0010830656975642228,0.0015053171383634378,7.478960162643489e-05,0.00027359091508016853
2022-05-25,0.00042871933988353206,0.0013359353618134229,6.390326344662967e-05,0.0003609757052671636
2022-05-26,0.0006572532951041321,-3.501289735430291e-05,5.9979327258208315e-05,0.00016538637449037275
2022-05-27,0.0007996714763924828,0.004679212824788559,7.003039861586124e-05,0.0003755388040738161
2022-05-28,0.013252025212287855,0.0004589669087451398,-0.004142281944781168,0.010143545913597007
2022-05-29,0.0006636461891755818,-0.005504038029410352,2.2601294008328665e-05,0.00023712415225896066
2022-05-30,-0.0121860896367334,0.0007210619307547184,0.004156245575356987,-0.009716568433772
2022-05-31,0.0011485747666966084,0.0014592339439936097,1.2230964919091036e-05,0.00024216003049271073
2022-06-01,0.0004667535285793889,0.0012226736526064208,4.307579749562862e-06,0.0003269554087701465
2022-06-02,0.0006629995209623818,-0.0002119667230727762,4.4611280618500615e-06,0.00013106557043118805
2022-06-03,0.0007733444276230017,0.004422122295657083,1.9643861718821043e-05,0.00034189986359689506
2022-06-04,0.013137425324009966,0.00015081024451046865,-0.004186307109320775,0.010096759440608727
2022-06-05,0.0005783657945237497,-0.005858703780702301,-1.4850334058902348e-05,0.0002103562820041649
2022-06-06,-0.012242293820993067,0.0002957380077157623,0.004126653616570719,-0.009723172716994966
2022-06-07,0.001006619905774775,0.000985239940789473,-8.964451706949816e-06,0.0002259189542765938
2022-06-08,0.00030531045990511707,0.0007101235149811203,-8.04265582654562e-06,0.00031712425505725506
2022-06-09,0.00048172255130563,-0.0007536550226645566,1.2837362555195853e-06,0.00012854893966829373
2022-06-10,0.0005766396389199624,0.0038594816698973577,2.5806125456773188e-05,0.00034637349282307106
2022-06-11,0.012884672806764197,-0.00041990839025796145,-0.0041711511765119,0.010093990077073789
2022-06-12,0.00036833172729910935,-0.006435650045509056,9.92001850508295e-06,0.0002296123984968368
2022-06-13,-0.012412317102852621,-0.0002645833549274057,0.004160471160998602,-0.009681726960300563
2022-06-14,0.0007949638781643564,0.0004507856280755451,3.2886364882633856e-05,0.0002593834840127762
2022-06-15,0.00010434938869252619,0.00021111956292085843,4.1507192801493176e-05,0.00035691159610484746
2022-06-16,0.00029347180512617754,-0.0012109387437240215,5.7745645653861644e-05,0.0001746383895748771
2022-06-17,0.0004059324397052144,0.003475327916909521,8.826334265332747e-05,0.0003975951215802187
2022-06-18,0.012707955584230879,-0.0007542135148881357,-0.004102872943670066,0.01013327668609354
2022-06-19,0.0002473368961297684,-0.0067248640894794764,8.151107580411932e-05,0.00028978243081234645
2022-06-20,-0.012479348824510628,-0.0004475166892505822,0.004233326280802752,-0.009599599718289165
2022-06-21,0.0007322956106141643,0.0003562562010848147,0.00010828666031614809,0.000327291436793109
2022-06-22,7.673421032028394e-05,0.00020362615535596262,0.00011708252641140504,0.0004274542941145043
2022-06-23,0.00030056293134705925,-0.001136021440197199,0.00013223195691502987,0.0002478941822676717
2022-06-24,0.00044848397270391693,0.003663782408215299,0.00016041493604945778,0.0004722964387720019
2022-06-25,0.012762961153504948,-0.0005004323589967719,-0.004031238902354017,0.01018804072336632
2022-06-26,0.00035889700517710565,-0.006414848996750044,0.00014582146599373402,0.0003665106717198885
2022-06-27,-0.012309308670904406,-2.7509619198506918e-05,0.004288464618014576,-0.009499157518334855
2022-06-28,0.0009077381887896419,0.0008511764440282121,0.00016015796080970368,0.00040568497439985585
2022-06-29,0.0002810644398623108,0.0007605288289982415,0.00016165883764673872,0.0005054996122928479
2022-06-30,0.0005282061799682936,-0.0005300489153856613,0.00016889803360475852,0.00032588011662793015
2022-07-01,0.0006952903083552453,0.004324236445218066,0.00018871435978695672,0.000548750454236302
2022-07-02,0.012986885822302341,0.00017946306899419007,-0.004007080519791595,0.010236430914558392
2022-07-03,0.0006273173115403097,-0.0057207119370472626,0.00015689671742613598,0.0004391578729050494
2022-07-04,-0.011991438710403868,0.0006834763398082533,0.004286371451600823,-0.009400774762404862
2022-07-05,0.0011810908636402662,0.0015561050780845687,0.00015431093757012349,0.0004733112411876572
2022-07-06,0.0005503251517822161,0.0014467586088706685,0.00014800080526411463,0.0005690383258449838
2022-07-07,0.0007846285636963213,0.00012856694357465948,0.00014807109142456198,0.0003854724824257083
2022-07-08,0.0009338463524575236,0.0049313576959257865,0.00016151518786045038,0.0006024218538269732
2022-07-09,0.013143109088117777,0.0007452258557116842,-0.004035351871361836,0.010253067139583516
2022-07-10,0.0008152862667880623,-0.005190877295137897,0.00011986557230647676,0.0004800030155089896
2022-07-11,-0.011767488331596798,0.0011266076760383381,0.004242211985377997,-0.009335320657135604
2022-07-12,0.0013038545942600788,0.0019233722520648477,0.00011243725407594773,0.0004986160284921048
2022-07-13,0.0006396982849550259,0.001738048054091168,0.00010558262926974038,0.0005850283512978116
2022-07-14,0.0008338017868543268,0.00034800307708482414,0.00010644217187216753,0.0003924459142861103
2022-07-15,0.0009419105821506513,0.005044659048993427,0.00012199839241344712,0.0005984787836506023
2022-07-16,0.013040310138943134,0.0008024759941349657,-0.004068276314997288,0.010205971065460062
2022-07-17,0.0007434514170892026,-0.005176428166950076,8.83176177732814e-05,0.0004551283969000952
2022-07-18,-0.01180849658786065,0.0010305866564261912,0.004213620972727705,-0.009338846704810222
2022-07-19,0.0011507725614721132,0.001753441642156961,9.359914612727671e-05,0.000451133646643731
2022-07-20,0.0004548129740979956,0.0015057911018641068,9.440317338471615e-05,0.0005262461217987457
2022-07-21,0.0006154094159207535,6.64262072547217e-05,0.00010360552808164059,0.0003235863690813634
2022-07-22,0.0006942402450544893,0.0046896676931731385,0.0001279928146524778,0.0005187527133889702
2022-07-23,0.012711022318737886,0.00042836308431515313,-0.004050486979078505,0.010087503739370618
2022-07-24,0.0004558357712518557,-0.0055585122719751245,0.00011276737951670945,0.000358545185904946
2022-07-25,-0.01205923603833503,0.0005944831486384139,0.004244357967432499,-0.00941537170359008
2022-07-26,0.0008333020032205152,0.0012982219724855248,0.00013565700343232123,0.00033931812136023254
2022-07-27,0.00013575097860174523,0.0010435199198819411,0.00014451652801361625,0.00040891537723641846
2022-07-28,0.0002967523830272878,-0.00039244486418699154,0.00016094230596164216,0.00020282734820531445
2022-07-29,0.00038173638412053457,0.004226858976803971,0.00019150911655763103,0.00039496831577978675
2022-07-30,0.01237892082252956,-1.1228715165345626e-05,-0.003978138182045732,0.00994088055809339
2022-07-31,0.00017539606005256836,-0.005972884186579819,0.0001851848978402515,0.00023569372592779914
2022-08-01,-0.012294046039853623,0.0001936143950831415,0.004314465676845236,-0.009516708795847095
2022-08-02,0.0005947318022221371,0.0009243909848160037,0.00021030273070943295,0.0002204538056216343
2022-08-03,-7.288651968639925e-05,0.0007004771230785245,0.00021791417114269684,0.00029453230807141573
2022-08-04,0.00011949709949732323,-0.0007034021016691927,0.00023134358078058526,9.462085443390222e-05
2022-08-05,0.00023844428843000642,0.003951819175777915,0.0002571531833654994,0.0002933135985998536
2022-08-06,0.012259591262728575,-0.0002547247771614858,-0.003912995375634831,0.009833015515903876
2022-08-07,0.00010574733824086913,-0.006190765274382448,0.00023658132121817665,0.00015135673836685903
2022-08-08,-0.012317055015391931,1.3499508770165036e-05,0.004349911835074272,-0.009579702296100612
2022-08-09,0.0005977589578787246,0.0007753199383428999,0.0002409447349591698,0.0001535765916944598
2022-08-10,-3.367342039961585e-05,0.0005787424624184023,0.00023641174392663444,0.0002369316746748673
2022-08-11,0.00019252316360907074,-0.0008028504076837972,0.00023670221881988418,4.646920552286993e-05
2022-08-12,0.00034298465431215064,0.00388314567989001,0.0002486013094016304,0.0002538183232430047
2022-08-13,0.01238085448718973,-0.0003126901961195694,-0.003929166366693493,0.009792306518474181
2022-08-14,0.00026255013826825824,-0.006245506813248092,0.0001989498769912057,0.0001281536177080156
2022-08-15,-0.012123176486343312,-1.576381468271215e-05,0.004291247774150575,-0.009587143770697915
2022-08-16,0.0007947314919947157,0.0007578103525640589,0.00017471669837632042,0.00014253587254886568
2022-08-17,0.00017713080154591054,0.0005685425348060935,0.00015660693930730218,0.00023037503337297593
2022-08-18,0.0004113693972795929,-0.0008103577034940246,0.00014420782574120494,4.345154114848704e-05
2022-08-19,0.0005652424710083093,0.0038901333045375797,0.00014455902073251536,0.00025274266703778636
2022-08-20,0.012574273912305367,-0.00031185782234877113,-0.004038479511759507,0.009783465255791324
2022-08-21,0.0004759959739537578,-0.0062551965147584765,7.579966863668908e-05,0.00012778415537706422
2022-08-22,-0.011885722168566426,-9.299406687146572e-06,0.004157537910472575,-0.009580210007621881
2022-08-23,0.000985637582375798,0.0007687951772246127,4.059982699700093e-05,0.0001382222322228177
2022-08-24,0.0003522161475304486,0.0005827193146243914,1.980689520331147e-05,0.0002225859113005324
2022-08-25,0.0005648252718584157,-0.0007943963144032562,6.866503305724692e-06,3.1673014937894095e-05
2022-08-26,0.0006943809677075752,0.0039225658607535685,8.85324629784634e-06,0.00023602842051251294
2022-08-27,0.012633962278942645,-0.000280597895432777,-0.0041693082990912345,0.009753355185369461
2022-08-28,0.0005504500116557676,-0.006226519346575254,-5.067339430420148e-05,0.0001009294617024814
2022-08-29,-0.011793908917020035,4.458906286108899e-05,0.004039065573028466,-0.009604527281089958
2022-08-30,0.0009999968472478304,0.0008380285827231937,-6.756152514630909e-05,0.00010055876215719906
2022-08-31,0.0003390408202026407,0.000667064811137541,-7.679784363279207e-05,0.00018007610696835208
2022-09-01,0.0005213394523473358,-0.000695513052605512,-7.667374855291342e-05,-1.4909706252508315e-05
2022-09-02,0.0006219301907735009,0.004048489320802595,-6.0348581914837496e-05,0.00018581854768373596
2022-09-03,0.012490225905053443,-0.00014294531748149097,-0.004225170255541588,0.009694765697387364
2022-09-04,0.0004281425661865068,-0.006077438447707029,-8.866397506857027e-05,4.7099536567785094e-05
2022-09-05,-0.011895839886958304,0.00022470463861123946,0.004019960528376165,-0.009654086782674542
2022-09-06,0.00083243508777886,0.0010395811144159328,-7.23526411081643e-05,4.6246564002538904e-05
2022-09-07,0.000157157721055734,0.000888063077908896,-6.52153127588262e-05,0.00012748193910350203
2022-09-08,0.00032563527565510064,-0.0004568709508396829,-4.921950434344513e-05,-6.452900950504326e-05
2022-09-09,0.00041630397848035905,0.0043074376828682315,-1.7815657628927895e-05,0.00014014211864066262
2022-09-10,0.012247816242983323,0.00012865849183940625,-0.004170795864603449,0.009651834692609329
2022-09-11,0.00021739640782403313,-0.005791896630440219,-1.920971537550109e-05,1.2838371001411275e-05
2022-09-12,-0.01207860313990372,0.0005232208203793665,0.004102172383822156,-0.00967998710878304
2022-09-13,0.0006248658046974498,0.0013463695437307965,1.7280973602540328e-05,2.5941385541017326e-05
2022-09-14,-4.043920255614175e-05,0.0012005623849391522,3.186952438971602e-05,0.00011515744918755288
2022-09-15,0.00013958275714931467,-0.00013982789583399935,5.3298240965782284e-05,-6.850857982843017e-05
2022-09-16,0.0002450434312104566,0.0046180857753181925,8.804064980894033e-05,0.0001446118541650332
2022-09-17,0.012079962574245595,0.00044233959573447557,-0.004063372107047214,0.009663704553777075
2022-09-18,8.565759762024783e-05,-0.005470083322030583,8.740904294213259e-05,3.376236256968923e-05
2022-09-19,-0.012177386734926965,0.0008258870755302183,0.004204601513801531,-0.009649958309779438
2022-09-20,0.0005368585400364889,0.0016370961486005253,0.00011561335781307136,6.212930876414724e-05
2022-09-21,-0.000103057802346318,0.0014796409289428158,0.0001234772109606208,0.00015786078940749348
2022-09-22,0.0001024128511624145,0.000130041553605853,0.00013652522760687624,-2.0077026607556725e-05
2022-09-23,0.0002337244040944153,0.004856254187990849,0.0001614237945741781,0.00019772845550125595
2022-09-24,0.01208722977484844,0.0006787362428331001,-0.003997932294496631,0.009717165407657546
2022-09-25,0.00012507292574803763,-0.005226245024817611,0.00013792303209725354,9.265878675490669e-05
2022-09-26,-0.01210581248225484,0.0010275365220295818,0.004238752014435576,-0.009585092233537207
2022-09-27,0.0006239555580946909,0.001816845725266969,0.00013993440043491567,0.00012345201206520606
2022-09-28,5.990161224600499e-06,0.0016413592080519734,0.00013439330316544762,0.00021839207436369357
2022-09-29,0.00023092326699991617,0.0002795223661942181,0.00013410872187336054,3.8766972004777855e-05
2022-09-30,0.00037955431015057606,0.004963478521557985,0.00014599669028103612,0.00025364598063437604
2022-10-01,0.0122339059553771,0.0007878903819986682,-0.0040219631306646075,0.009762095050967368
2022-10-02,0.0002966396674115579,-0.0051046565983206005,9.832258854181042e-05,0.00014000768149369236
2022-10-03,-0.011905844417990585,0.0010981445494482323,0.004184986461214901,-0.009534582300829708
2022-10-04,0.000814097990077256,0.0018644068380018197,8.040073884529875e-05,0.00016029231576064618
2022-10-05,0.0002017824500670784,0.001670968813430429,6.669910823609015e-05,0.0002489344643128444
2022-10-06,0.00042833716414891754,0.00029760615352358855,5.965715661981896e-05,6.294682139773577e-05
2022-10-07,0.0005761131186963198,0.004936406009159233,6.626129142306425e-05,0.00027087835097816537
2022-10-08,0.012397927347424842,0.0007644296442823606,-0.0041032971582600775,0.009762827315401346
2022-10-09,0.000483105232612413,-0.005115695326146197,1.2264270594419813e-05,0.00014367529521996936
2022-10-10,-0.011691724946015336,0.0010324443435838493,0.004096754664106417,-0.009527678950811524
2022-10-11,0.0009852671735632867,0.0017738379576797136,-5.346392398242195e-06,0.0001507400285034599
2022-10-12,0.0003643752496922392,0.001560573393420972,-1.699862719195533e-05,0.00023301489053251245
2022-10-13,0.0005785940779996501,0.00017335644397631356,-2.0754059336325348e-05,4.123729397154108e-05
2022-10-14,0.0007132765933994811,0.004767262493371449,-9.756521841430832e-06,0.00024331198432192558
2022-10-15,0.012478364472557901,0.000596256614840085,-0.004174227996437296,0.00972091910891093
2022-10-16,0.0005924939008961072,-0.005276228738767319,-5.2527118245881965e-05,0.00010635901426114813
2022-10-17,-0.01154875200001848,0.0008221779708879051,0.004039578163718138,-0.00956107473560075
2022-10-18,0.0010668807820330972,0.0015423146945938715,-5.5884760084112806e-05,0.00010422842993995651
2022-10-19,0.0004354326857918256,0.001314086768405387,-6.003873204918353e-05,0.00018252413447172877
2022-10-20,0.0006364144902304414,-8.134762418376962e-05,-5.6182143015282016e-05,-1.2709864522619796e-05
2022-10-21,0.0007589983012026291,0.004484232646859709,-3.761336385710301e-05,0.00018589127063872724
2022-10-22,0.012463367813323911,0.0003215101090205952,-0.004196432901249714,0.00965445599843262
2022-10-23,0.0006184740851948867,-0.005537122775028824,-6.603048578812665e-05,4.3778294940066687e-05
2022-10-24,-0.011478964128503022,0.0005406566198085105,0.004034559986204389,-0.00962130704221964
2022-10-25,0.0010759489283904689,0.0012634843152306008,-5.662447826360051e-05,3.618372417624194e-05
2022-10-26,0.0004415396745254263,0.0010455731841947369,-5.5284734452931694e-05,0.00011242060282445898
2022-10-27,0.0006371678701728722,-0.0003323192652729956,-4.6576260362751754e-05,-8.447377081122198e-05
2022-10-28,0.0007558958207345423,0.004244465482063919,-2.382211744966778e-05,0.000112670708164897
2022-10-29,0.012406983342800881,0.00011455602959697941,-0.004180921503438739,0.009578720459038292
2022-10-30,0.0006124621839400657,-0.005706806054460278,-4.583980508177099e-05,-3.0263042088085612e-05
2022-10-31,-0.011433533372792626,0.0003965387889777183,0.0040585596084741216,-0.009695276236956651
2022-11-01,0.0010673697814307381,0.0011576152677761353,-3.2714864870442284e-05,-3.8067228477323134e-05
2022-11-02,0.0004361797922349808,0.0009827586251791587,-3.0305735478020068e-05,3.941175872279601e-05
2022-11-03,0.0006316374087071974,-0.0003481904260361768,-2.0992898895122458e-05,-0.00015552407605323726
2022-11-04,0.0007505452421316949,0.004272827821650171,1.974450685837681e-06,4.448119715583232e-05
2022-11-05,0.01235182485911368,0.0001952352219642961,-0.004156349807306836,0.009517573689197256
2022-11-06,0.00060842371461578,-0.005571407611774215,-2.0414898787901592e-05,-8.952399364670072e-05
2022-11-07,-0.011386659514230124,0.0005757972824329549,0.0040843433598152235,-0.009753452695420939
2022-11-08,0.0010597890711807612,0.0013825431506171437,-8.560158645809501e-06,-8.553661199028895e-05
2022-11-09,0.00042936621022393595,0.0012508982872869723,-6.842199048784359e-06,-2.9304740123414774e-07
2022-11-10,0.0006210937145409989,-3.924630075624602e-05,1.7728174086517612e-06,-0.0001866270910527712
2022-11-11,0.0007356021349793629,0.0046060626073327615,2.406825448986183e-05,2.3159584025433944e-05
2022-11-12,0.012282448163051685,0.0005620268815200724,-0.004135299579436147,0.009513100951264564
2022-11-13,0.0005835097559663271,-0.005169771880483398,5.486632526086055e-07,-8.91492989103515e-05
2022-11-14,-0.011368343949782478,0.0009734686542526294,0.004104994431062048,-0.009747807446130685
2022-11-15,0.0010179204783622442,0.0017787679842253823,1.1247300689465334e-05,-6.095656091320567e-05
2022-11-16,0.0003815539274334423,0.0016389022924727659,1.2419571031374588e-05,3.691100127567459e-05
2022-11-17,0.0005632629901668462,0.00033598301460857627,2.042580653793813e-05,-0.00013693940424575057
2022-11-18,0.0006676706094808083,0.004932422643269874,4.1995725867494116e-05,8.53800803330973e-05
2022-11-19,0.012158745043626462,0.0008690693127777482,-0.004118108706419599,0.009591944255376461
2022-11-20,0.000497545919939224,-0.004878129272821163,1.650771106587179e-05,-4.574121384326446e-06
2022-11-21,-0.01141863757274908,0.001179391322003287,0.004119218226471322,-0.00965618396439194
2022-11-22,0.0009108253309637604,0.001918053193129765,2.39236217713934e-05,4.3928794024372664e-05
2022-11-23,0.000268734586689634,0.001710758616070951,2.290646869318458e-05,0.00014953369420167562
2022-11-24,0.000442752404282043,0.00034283083954456117,2.8277889631445063e-05,-1.8244015774770972e-05
2022-11-25,0.000541160820072939,0.004835520818675665,4.673852546210888e-05,0.00020836248381361777
2022-11-26,0.011990810611639091,0.0007195938272883673,-0.004116448908021542,0.009715114105280476
2022-11-27,0.0003668703707548904,-0.005071597065269828,1.3574888522605022e-05,0.00011978907409426753
2022-11-28,-0.011514253501873184,0.0008739103627883882,0.004111236142100294,-0.009529158004138893
2022-11-29,0.0007791127104768147,0.001536895828649465,1.1518541121136039e-05,0.0001635746026338314
2022-11-30,0.00014307550140113534,0.0012650657209773986,5.197188460037694e-06,0.0002629519639503197
2022-12-01,0.00032308271504244424,-0.00015504427697432543,4.991581514790511e-06,8.710695494640319e-05
2022-12-02,0.00043004301552240776,0.004269081593395674,1.770347873208955e-05,0.0003034356945168515
2022-12-03,0.011863546952517456,0.00013181159344810567,-0.00415115504809338,0.009788579860496194
2022-12-04,0.00028141266940284737,-0.005671503978620707,-2.714838760708993e-05,0.00018919053140353803
2022-12-05,-0.011558979688865323,0.00023763236940732568,0.004065177176136414,-0.009462794180478462
2022-12-06,0.0007238591291218732,0.0008968996631268933,-3.965175151177114e-05,0.00020374388111488173
2022-12-07,0.00010759915791447305,0.0006371644851970171,-5.055129937392433e-05,0.0002870721111696284
2022-12-08,0.0003068211955132849,-0.0007572712157181138,-5.463472745736997e-05,9.5349387873922e-05
2022-12-09,0.0004339775536699175,0.003705128495403276,-4.493964544438622e-05,0.0002954888380550802
2022-12-10,0.01186523611163337,-0.0003808016989428342,-0.0042171424368689925,0.009752949596079752
2022-12-11,0.0003268026040395,-0.006129738105346116,-9.295972964717958e-05,0.00015205412452945488
2022-12-12,-0.011468946078981634,-0.00014160808572438732,0.004001611924353332,-0.009500981119697549
2022-12-13,0.00080882456404896,0.000602146525500169,-0.00010304446891307162,0.0001417725843206874
2022-12-14,0.00021211172456814253,0.0004327160545718467,-0.00011074687461221089,0.0002155624635069575
2022-12-15,0.00042741059066364606,-0.0008692528100213703,-0.00011013898903267094,1.6825175456425256e-05
2022-12-16,0.0005686142648964054,0.003704955118636777,-9.423368439531732e-05,0.0002119427158948639
2022-12-17,0.011981965970626618,-0.00029233990634047746,-0.004261839891776087,0.009658698497810425
2022-12-18,0.0004807631397591994,-0.005958149526627321,-0.0001255800564448073,6.763649584473619e-05
2022-12-19,-0.011275327830466364,0.00014291810564848184,0.003982909002293367,-0.009575393655764652
2022-12-20,0.0009715941555046292,0.000977588312669475,-0.00011326780755505084,6.535157225284749e-05
2022-12-21,0.00037573409302993355,0.0008878705563533096,-0.00010811371977048623,0.00014733276876666146
2022-12-22,0.0005858728636363164,-0.000346655927135453,-9.371941381974835e-05,-4.0733611506249545e-05
2022-12-23,0.0007185234045861133,0.004289718826223199,-6.329911225211315e-05,0.0001669267813759756
2022-12-24,0.012078125458313771,0.00032944287193381605,-0.004219255379952047,0.009624352321337293
2022-12-25,0.0006031723274226852,-0.005307244610019968,-6.420993186795343e-05,5.306670734062102e-05
2022-12-26,-0.011124659548744864,0.000806470507611623,0.004062391815328192,-0.009569918481119988
2022-12-27,0.0010547863843697325,0.0016330989003119356,-2.2067272845038843e-05,8.491212394612369e-05
2022-12-28,0.0004381944530751358,0.0015185154944064028,-2.615032917097082e-06,0.00018441219101728024
2022-12-29,0.0006223669200025039,0.00024566584183904894,2.521681274481047e-05,1.3620417503190652e-05
2022-12-30,0.0007278693383545587,0.004809170293000875,6.794320759118122e-05,0.00023759007512391683
2022-12-31,0.012011607842865368,0.0007881627910681921,-0.004077814861246476,0.009705064576607692
2023-01-01,0.0005580813019663289,-0.004909519372488402,8.785315391413029e-05,0.00015141051630362945
2023-01-02,-0.011148544124854665,0.0010803437220252565,0.0042214324142049175,-0.009453441833052967
2023-01-03,0.0009526477683259316,0.001794187508696643,0.00014227652245768496,0.00020451747199734527
2023-01-04,0.0003130823653716419,0.00156421893519898,0.00016502032792620192,0.000310186515887656
2023-01-05,0.00047289594686961145,0.00017777859545176078,0.00019388226014771526,0.00014291645256769847
2023-01-06,0.000556893245614809,0.004594876081827293,0.0002353053209993572,0.000366961136084587
2023-01-07,0.01178219927947266,0.00047484162924749107,-0.0039101229288064365,0.009818992005528271
2023-01-08,0.0003571814013902941,-0.005313107760699043,0.00024633158579057124,0.0002710953382840664
2023-01-09,-0.011323393113494395,0.000534589571060895,0.004366456865539936,-0.00932743994084051
2023-01-10,0.0007304160806558269,0.0011438032585111557,0.00028162466944348097,0.0003048565616889931
2023-01-11,9.02531920707883e-05,0.0008253767331865003,0.0002920985882777227,0.0003962113977586945
2023-01-12,0.00025146326496017224,-0.0006330831324010688,0.00030690357006823987,0.0002129286615226711
2023-01-13,0.0003416156186781816,0.003715299476685141,0.0003326955463129888,0.0004184400159759072
2023-01-14,0.011554220746354149,-0.0004380916543129665,-0.0038217198844293643,0.009832083881113896
2023-01-15,0.00017023274176253267,-0.006252001257531226,0.0003092541523708192,0.00028285118137283405
2023-01-16,-0.01147191462899222,-0.0004140304104082171,0.004402297800126576,-0.00931673559033841
2023-01-17,0.0005823629484940085,0.00021113733283550928,0.00030668350799412103,0.0002754280869388115
2023-01-18,-3.0894512486168146e-05,-7.252874603880244e-05,0.0002980836757269234,0.0003467463741702037
2023-01-19,0.00015870512220672595,-0.0014822563884195894,0.00029403703877228793,0.00014516442841916444
2023-01-20,0.00027956437108933585,0.0029572266056687724,0.00030149375015775526,0.00033326408395772944
2023-01-21,0.011512111264055935,-0.0011253167829149424,-0.0038617650866006326,0.00971501208567127
2023-01-22,0.00017395224597094305,-0.006872752033757035,0.00024404507415631826,0.0001716149616042273
2023-01-23,-0.01142265716533819,-0.0008855276416864788,0.00431399686218259,-0.009422422284602217
2023-01-24,0.0006520673934460319,-0.00012886842088000172,0.00021334990894406047,0.0001467329544286855
2023-01-25,7.119200711280804e-05,-0.0002797555295858123,0.00019311824835899216,0.00021440161889629827
2023-01-26,0.00029039011289677674,-0.0015613190631522667,0.0001793410456478739,1.2730646872238793e-05
2023-01-27,0.0004383107548522336,0.003054088500477281,0.00017906905742304247,0.00020340629473047933
2023-01-28,0.011677093970995589,-0.0009225777483456987,-0.003983806296269932,0.009582111286249306
2023-01-29,0.000374908138644825,-0.006580024093218451,0.00011201397147342362,5.7501661760994693e-05
2023-01-30,-0.011183223750170224,-0.00041807255738524063,0.004175699725868398,-0.00951873788900448
2023-01-31,0.0008819244162732165,0.00045982338592964744,8.109179956927726e-05,5.5959159919849455e-05
2023-02-01,0.0003088127823676068,0.0004095633502587681,6.345304331145663e-05,0.00013853640274708034
2023-02-02,0.0005289485408817018,-0.0007934139036667176,5.408329793077371e-05,-4.693469693295427e-05
2023-02-03,0.0006726493770399244,0.003914213363660712,5.9872789357928724e-05,0.00016035654862300852
2023-02-04,0.011867258031238892,-3.558003463444148e-05,-0.004093188738598985,0.009552618997114903
2023-02-05,0.0005839309602848619,-0.005681329440278549,8.774207614470342e-06,4.744977816906193e-05
2023-02-06,-0.010952259193454106,0.0005126042494816296,0.004080995285754341,-0.009511119766714926
2023-02-07,0.001049016334930375,0.0013777507506753661,-1.2208168149729914e-06,7.397558609634203e-05
2023-02-08,0.0004503771573618476,0.0012913402355523296,-7.643284377856219e-06,0.00016744941264290603
2023-02-09,0.0006384120618563305,3.330044570093449e-05,-5.482131816836322e-06,-9.803585133250081e-06
2023-02-10,0.0007472115281104141,0.004662283084319929,1.1915530559569731e-05,0.00020239672007238418
2023-02-11,0.011857601046776578,0.0006253851162698609,-0.004129781206118177,0.009592071975932814
2023-02-12,0.000583743065899256,-0.005108636028448688,-1.6740253172442543e-05,8.836449809557223e-05
2023-02-13,-0.010942571682004187,0.0009542408073621722,0.004066401353114424,-0.009471373058361987
2023-02-14,0.0009677658760958163,0.0016897462320475398,-6.298209098587471e-06,9.914922918641267e-05
2023-02-15,0.00033253236160635247,0.0014707101486455265,-3.793799332907355e-06,0.000178782290739532
2023-02-16,0.00048183383151712,8.227617622558192e-05,6.304874661022808e-06,-1.5724994392729563e-05
2023-02-17,0.0005542213925864292,0.00455553367570527,3.0565883743838285e-05,0.00017574668036157703
2023-02-18,0.011590200477746837,0.0004043321383855325,-0.004105689624444131,0.009536793966098855
2023-02-19,0.0003306960468516529,-0.005432935753564072,1.2340666795784827e-05,1.3388585240692308e-05
2023-02-20,-0.011185037160738265,0.00048549339887515863,0.004099003047324468,-0.009569369907131309
2023-02-21,0.0006621288711055051,0.0011120985470334244,2.8433501582769694e-05,-3.223416389375178e-05
2023-02-22,1.1355185431716208e-05,0.0008018013137205404,3.222563841354109e-05,1.885247092947573e-05
2023-02-23,0.00014768781564500344,-0.0006600863033220383,4.2655937971369795e-05,-0.00020356540200805462
2023-02-24,0.0002126097591124143,0.0037467609344665753,6.63986279099138e-05,-3.865053060747581e-05
2023-02-25,0.011228567059079042,-0.00043767489897594825,-0.0040704406802127835,0.009301540356223326
2023-02-26,-5.4469844048554705e-06,-0.006299731941234121,4.524881858536389e-05,-0.00024423046943611304
2023-02-27,-0.011501827556029576,-0.0003866321561593056,0.004128711308630573,-0.009852585250480272
2023-02-28,0.00034412434326469565,0.00025849321420889915,5.638473181424075e-05,-0.00032301125407996345
2023-03-01,-0.00028766708535132857,-1.5236562870168946e-05,5.747637983422038e-05,-0.0002798200919551519
2023-03-02,-0.000128400107647475,-0.001427436897286083,6.520352053396294e-05,-0.0005049122605824685
2023-03-03,-3.629036099372929e-05,0.0030697986133807476,8.63715491328243e-05,-0.0003360143211218469
2023-03-04,0.011016238090160169,-0.0010452999951954256,-0.004051324043634508,0.009036087468773157
2023-03-05,-0.00018758696691445476,-0.006842661806122141,6.1029668947831794e-05,-0.0005128715598995415
2023-03-06,-0.011658279256285264,-0.0007865378860899552,0.0041414008856444084,-0.010125925520867884
2023-03-07,0.0002353513640613869,-1.6876057621795226e-05,6.960093048746785e-05,-0.000541956105794883
2023-03-08,-0.00035718473604562373,-0.0001659179758499718,7.025789844483654e-05,-0.0004630300940743348
2023-03-09,-0.00015707316638458035,-0.0014585572051097895,7.812620494829225e-05,-0.000647605240572946
2023-03-10,-2.4032531793616307e-05,0.0032020307038815865,0.00010000615512928412,-0.00043168837762175283
2023-03-11,0.0110827945994183,-0.0008153036025575489,-0.004034545084769303,0.009026786445909485
2023-03-12,-9.686727318625188e-05,-0.0065290371906571165,7.779902050897292e-05,-0.0005039344148201064
2023-03-13,-0.011542904662744213,-0.0003112219916554526,0.004158420142322816,-0.010096739968098789
2023-03-14,0.0004010188918623925,0.0005713861028091571,9.110340889861845e-05,-0.00041692241152657683
2023-03-15,-0.00015895490619799446,0.0005174800660154855,9.460433679842062e-05,-0.00027816329810936846
2023-03-16,7.166189992413585e-05,-0.0006984414435781128,0.00010546609260364548,-0.00040434537806688375
2023-03-17,0.00023185325653396482,0.004051864206129574,0.0001303674682966438,-0.00013023506446874222
2023-03-18,0.011363804132975996,6.879713645480123e-05,-0.003998729326750938,0.009410310267038202
2023-03-19,0.00019923887670425522,-0.005620254678397996,0.00011401317540182809,-0.000101042894177783
2023-03-20,-0.011225798088065342,0.0006392214051278433,0.004194292735816507,-0.009668566830703051
2023-03-21,0.0007287910763831285,0.0015272288819403457,0.0001315554380489914,7.625290200574675e-05
2023-03-22,0.0001776835160809398,0.0014608713024519826,0.0001364884496863894,0.00024866465226280887
2023-03-23,0.0004128577653390586,0.000219341193849365,0.00014814379001992783,0.00014837906648335064
2023-03-24,0.0005738641103889552,0.004919654349897051,0.0001731187951274915,0.00044070177021526824
2023-03-25,0.011679951514143916,0.0008895823772097078,-0.0039530086467324255,0.009986344609532516
2023-03-26,0.0005294200458179077,-0.004840538933125971,0.00015480521396726843,0.0004748031801180552
2023-03-27,-0.010872981879143095,0.0013241688916467709,0.0042288376474781675,-0.009085067205553687
2023-03-28,0.0010407768848661458,0.0021253039066726487,0.00016677895150185584,0.0006330413298534232
2023-03-29,0.00047712374642672195,0.001970639779321548,0.00016782305401830122,0.0007800310666792321
2023-03-30,0.0006951010863207596,0.0006449959778709324,0.00017484604190176611,0.0006470406597098854
2023-03-31,0.0008370483217583491,0.005219372981876136,0.00019450594902736817,0.0008980046614475157
2023-04-01,0.011875779626000282,0.0011225987029783724,-0.003932880664739624,0.010356120758361564
2023-04-02,0.0007486575311541621,-0.004656606780682693,0.00016403810886100878,0.000828612401812423
2023-04-03,-0.01062302429135853,0.0013728587500572154,0.00422666968813612,-0.008741065809228177
2023-04-04,0.0012138072322991356,0.0020823733479666817,0.00016232671040516955,0.0008703116043744519
2023-04-05,0.0006286682069853722,0.0018491400014726267,0.0001563468698513315,0.0009523305490162226
2023-04-06,0.0008209194176245216,0.0004603897512074351,0.00015639053295135596,0.0007543919726309412
2023-04-07,0.0009372397101199414,0.0049345570301690955,0.0001692529501866602,0.0009378762574414612
2023-04-08,0.01189079256367731,0.0008108179530275095,-0.003960092942152826,0.010275430695129373
2023-04-09,0.0007990748216484267,-0.0049793643493596385,0.00012626293336515104,0.0007411313443199674
2023-04-10,-0.010534020183354809,0.0009646738801649679,0.004179368314317644,-0.008833982342871582
2023-04-11,0.0012136173904131464,0.001635800267469012,0.00011470275982206068,0.0006649372532154807
2023-04-12,0.000608248589735183,0.0013783698379485898,0.00010490840644861166,0.0006949167256473654
2023-04-13,0.0007765762864047066,-2.1341957522458266e-05,0.00010203867028679703,0.00045204743749249765
2023-04-14,0.0008702044622064253,0.004419458486089045,0.00011295099342878423,0.0005948436490603726
2023-04-15,0.011742594825451036,0.0003114886138058104,-0.004014161472310929,0.009857602375108243
2023-04-16,0.0006927305442869791,-0.00545716047531597,6.896254899935172e-05,0.0003439604887334191
2023-04-17,-0.010599863872800874,0.0004676165465167248,0.004120598374353079,-0.009214247723614455
2023-04-18,0.0010672063052108438,0.0011469846289773322,6.1001039036501226e-05,0.00023467346313821302
2023-04-19,0.00044865673894811664,0.0009046286681995142,5.4387880708439695e-05,0.00026090386161792267
2023-04-20,0.0006012746395693824,-0.0004752523493383176,5.5614893196720416e-05,2.2216126662089053e-05
2023-04-21,0.000681266869063224,0.00397849466513045,7.145473013214776e-05,0.00017500728766761675
2023-04-22,0.011493372763311971,-0.00010142942810009714,-0.004048332631208407,0.009439911543101198
2023-04-23,0.00048592882462550335,-0.005844966331932766,3.931719648253562e-05,-3.250765696904967e-05
2023-04-24,-0.01076840468469109,9.896675536835708e-05,0.004096388330782075,-0.009555556741366655
2023-04-25,0.0008437271035144356,0.0008036047797361778,4.537487511524496e-05,-8.528125844642354e-05
2023-04-26,0.00022451942119472434,0.0005873648678869081,4.608588061616459e-05,-2.3105633134345993e-05
2023-04-27,0.00037579031829015896,-0.0007671309236280122,5.4681773319353866e-05,-0.0002229810262492915
2023-04-28,0.00045722148756199843,0.0037188329246065077,7.777960456922806e-05,-2.936989443480531e-05
2023-04-29,0.011241312142719506,-0.00033785986574119686,-0.004033790034349671,0.009283083417248372
2023-04-30,0.0002756993430994559,-0.006063464808354513,5.933675789004944e-05,-0.00015163732525891316
2023-05-01,-0.010941093462496276,-8.110268363104023e-05,0.004121153850360937,-0.009641642047028776
2023-05-02,0.0006512227275470295,0.0006551510951320338,7.675642152915607e-05,-0.0001233349650792137
2023-05-03,4.7628127068044535e-05,0.000469697419547499,8.207191351483623e-05,-2.2559721661763454e-05
2023-05-04,0.00021495019967687767,-0.0008558457182260559,9.438936081740401e-05,-0.00018669355048028802
2023-05-05,0.00031478163345544097,0.0036745455206566024,0.0001202426767519249,3.992029909483108e-05
2023-05-06,0.011101267352096267,-0.0003580219730943135,-0.003987510672182726,0.009389895830592465
2023-05-07,0.00017730769810264668,-0.006063315144075876,0.00010443239936686055,-2.9115480098762525e-05
2023-05-08,-0.01099998398169899,-2.924282979288595e-05,0.004163451069776336,-0.009504511112558567
2023-05-09,0.0005994353732119428,0.0007455097946014178,0.00011982977196489664,3.828322938304041e-05
2023-05-10,2.2061479542534457e-05,0.0005962082789015,0.00012265052286952738,0.00015151542208502455
2023-05-11,0.0002148744243151146,-0.0006961509248694098,0.00013147397890334034,-4.571144156084728e-06
2023-05-12,0.00034022516850806817,0.003879838411352088,0.00015289587587541398,0.0002260244179530524
2023-05-13,0.011137492787331338,-0.0001281394287113713,-0.00395686404848461,0.009574303408219187
2023-05-14,0.0002515062531232015,-0.005811270530194257,0.00012594563357160027,0.00015164127488809243
2023-05-15,-0.010887037682332679,0.0002639893588816111,0.004174912005658893,-0.009325443930189303
2023-05-16,0.000717817429026324,0.0010652746216508469,0.00012754410874804556,0.0002041035193571794
2023-05-17,0.00016024427384508932,0.0009366606843499437,0.00012292264133884068,0.00030508827923236836
2023-05-18,0.00036914623053685425,-0.0003404800591935153,0.00012410031884524386,0.00013506445202504658
2023-05-19,0.0005077612195747427,0.004247398250021295,0.00013781988383043675,0.0003498978275704445
2023-05-20,0.01129230842913187,0.00024184099291257866,-0.003976065391911976,0.009669483198810003
2023-05-21,0.0004345038269670809,-0.005440153056456398,9.587842499536592e-05,0.00024130528425669873
2023-05-22,-0.010673190196291649,0.0006243476445086937,0.004134709527729097,-0.009238518678363006
2023-05-23,0.0009047526118919347,0.0014078055392359179,8.432992994245048e-05,0.0002609126550328078
2023-05-24,0.00034465633690650144,0.001254760914745967,7.403338121769742e-05,0.0003458459122607227
2023-05-25,0.0005453606934362476,-5.159356265815873e-05,7.033078169782492e-05,0.00016128458515018984
2023-05-26,0.0006723686905851789,0.004488014562426201,8.006637270652206e-05,0.00036228498138179965
2023-05-27,0.011405786721156108,0.00044592121437125876,-0.004034552377081058,0.00965400642984049
2023-05-28,0.0005658357311817408,-0.005271176649171094,3.298344640145778e-05,0.00023186629855365126
2023-05-29,-0.010521553856692956,0.0007219430406466554,0.004069279765785527,-0.009240248830067799
2023-05-30,0.0009928193615325043,0.001443039227355447,2.1204357444792876e-05,0.00023650792995533187
2023-05-31,0.0004102902899241201,0.001227398466172147,1.2386405591202632e-05,0.0003166994212424612
2023-06-01,0.0005843004805459184,-0.00013980386480116902,1.1296292503626404e-05,0.00012967721575685154
2023-06-02,0.000684022006487206,0.004321262271711257,2.474467782365153e-05,0.0003293278872775751
2023-06-03,0.011347516752376663,0.00022715772172543502,-0.004084612520165343,0.009607093956686352
2023-06-04,0.0005244927162031399,-0.0055377525978268505,-1.2018484339848534e-05,0.00020206691048940684
2023-06-05,-0.010545390883371697,0.0003799578883096899,0.00403081526940241,-0.009252595864233215
2023-06-06,0.0008988809694432387,0.0010459600375880562,-9.617666923755763e-06,0.00021424240630985025
2023-06-07,0.0002960669133944549,0.0007838066646033148,-1.0406798697237818e-05,0.0002996862166875225
2023-06-08,0.00044930248454377875,-0.0006214139685807307,-2.9613240191128654e-06,0.00011900792318209064
2023-06-09,0.0005315022285408144,0.0038048694449617226,1.938188480576919e-05,0.00032494983133513067
2023-06-10,0.01114519145280668,-0.0003071681501463086,-0.0040812330262871566,0.009596397956907365
2023-06-11,0.0003503955485690824,-0.006087087499820343,8.988473230164828e-07,0.00021171661972552158
2023-06-12,-0.010692432470642665,-0.00017128791040921243,0.004053063338138818,-0.009222526250938445
2023-06-13,0.0007133763732374288,0.0005053057312194298,2.0988641675545594e-05,0.00023787307099509825
2023-06-14,0.00011438259864493538,0.0002639213443009769,2.848404093303003e-05,0.0003298030268494845
2023-06-15,0.00027344691904396257,-0.0011131062627623978,4.361996918245126e-05,0.00015564526671485446
2023-06-16,0.0003658592149451412,0.0033680682929804195,7.291698721778594e-05,0.00036710102308834536
2023-06-17,0.010971139240629535,-0.0007039997511764096,-0.004021106305650113,0.009629181096284967
2023-06-18,0.00021898585569624096,-0.006446851983672119,6.591046923110078e-05,0.00026373531883971957
2023-06-19,-0.010782293595542058,-0.0004411320129551477,0.004121138527790613,-0.009150470478244688
2023-06-20,0.0006256201147756268,0.0003136812579958015,9.268966449726967e-05,0.0002984609674536731
2023-06-21,5.447786100942764e-05,0.00015167128154613962,0.00010189202653898555,0.00039351846271640234
2023-06-22,0.00024195693885742386,-0.001148144878811097,0.00011750492648454625,0.000222483605691437
2023-06-23,0.0003642271477277692,0.003441060312520783,0.00014603723553596737,0.0004358931755765738
2023-06-24,0.010983497115122143,-0.000565442498412283,-0.003947465677634376,0.009681330092907059
2023-06-25,0.00027835677878229603,-0.006250913445388084,0.0001342131728852003,0.0003354771431500758
2023-06-26,-0.010675032896553138,-0.0001335448774858472,0.004182145588948583,-0.009057605262429935
2023-06-27,0.000743897282705408,0.0007015040219555679,0.00015120015356995253,0.0003726823386829281
2023-06-28,0.00020066190150180852,0.0006089194133966913,0.00015422934890318984,0.0004679009979355886
2023-06-29,0.00041225532348398986,-0.0006329977595990188,0.00016288396263974825,0.0002972640251803771
2023-06-30,0.0005556549204615013,0.004023957577757864,0.0001838110798177972,0.0005097848423043505
2023-07-01,0.011167487423030309,4.753199109175377e-05,-0.003913634615067885,0.00973115666258173
2023-07-02,0.0004993641419808181,-0.005614349850913247,0.00015568058010928532,0.0004069109738593646
2023-07-03,-0.010414033418366775,0.000538466470674237,0.004190812727786319,-0.0089631133481467
2023-07-04,0.0009806883857541582,0.0013833289313456287,0.00015566478005801798,0.00044073100265951126
2023-07-05,0.0004394572049950529,0.0012873591219435543,0.0001505109281778605,0.0005328646996580755
2023-07-06,0.0006460557162000224,3.1831749959021494e-05,0.00015139632476124376,0.00035926847724243594
2023-07-07,0.0007798783395809306,0.004656668534462227,0.0001651332466334754,0.0005670810247127012
2023-07-08,0.011335896985447791,0.0006488081251758704,-0.003934471666051986,0.009756143326041133
2023-07-09,0.0006901977379123458,-0.005041741672316857,0.00012497575456849042,0.00045375335896302715
2023-07-10,-0.010197651420463583,0.0010422530377371952,0.004151617214834591,-0.008893854092481779
2023-07-11,0.0011239718167221913,0.001822133417952232,0.00011723750912007169,0.0004746615846791258
2023-07-12,0.0005565194893959458,0.0016584132316095346,0.00010995075731412562,0.0005587916666289772
2023-07-13,0.0007309445153915739,0.00033652495793523585,0.00010997312426486161,0.00037734969965930176
2023-07-14,0.0008309161298918344,0.004863375730971953,0.00012414221678103132,0.0005754801524251452
2023-07-15,0.01130023620934617,0.0007990168373726014,-0.003970485974412075,0.009725479980216223
2023-07-16,0.0006721151851454277,-0.004936503549764826,8.864712050282719e-05,0.0004430234571519698
2023-07-17,-0.010197368101660387,0.001039945109500895,0.004116677046854811,-0.008885231947497685
2023-07-18,0.0010337654369025895,0.0017435185095597827,9.068898719299945e-05,0.00044283082075491365
2023-07-19,0.00043586597917588676,0.0015130270346002117,8.98081182494348e-05,0.0005160638320282906
2023-07-20,0.00057812829582371,0.00013583529141958373,9.711142022172936e-05,0.00032465479598053903
2023-07-21,0.000648868122852253,0.004582854301854011,0.00011926993123090313,0.0005118912305688283
2023-07-22,0.011047014725396709,0.0004909506816981324,-0.003964306936381723,0.009624721191044072
2023-07-23,0.0004452590655921185,-0.005260516383501335,0.00010124796365840183,0.0003614847385746689
2023-07-24,-0.010400257894930043,0.0006525961756593812,0.004135752507658852,-0.008949019435917194
2023-07-25,0.0007707564284484825,0.0013274329287114028,0.00012112622075166612,0.0003444273352777305
2023-07-26,0.00016552040227146847,0.0010803732660438214,0.00012882366653266253,0.00041092256810948413
2023-07-27,0.00030227907951241306,-0.0003023249667912786,0.00014415993572947094,0.00021464365109746808
2023-07-28,0.00037252423116407307,0.004130141595227732,0.00017358494013830494,0.0003973002044548313
2023-07-29,0.010748201814690717,5.4549723802921335e-05,-0.0039003047309822403,0.009486297370894237
2023-07-30,0.00018541414016448599,-0.005676852967699153,0.00016735256599331727,0.0002442163213909332
2023-07-31,-0.010625072550782044,0.00024039557117494503,0.004201897477808414,-0.009047056033922307
2023-08-01,0.0005378280031058669,0.0009360365896107226,0.00019324075629056914,0.00022757368148718093
2023-08-02,-4.5452693660963384e-05,0.000714975914767102,0.0002017866154671033,0.000296741551250701
2023-08-03,0.00011509631724293534,-0.0006388577991602862,0.00021631704913205319,0.00010489739430985523
2023-08-04,0.00021204604472457866,0.0038248034285470744,0.00024322520431674377,0.0002924908197876608
2023-08-05,0.010606232818598293,-0.00021915978229736233,-0.003829528929291892,0.009374015060629182
2023-08-06,8.580758074350214e-05,-0.005923454882651891,0.00022719918590707877,0.00015398713572833955
2023-08-07,-0.010684991681533473,2.9245613354822453e-05,0.004248445427932568,-0.009117205804435535
2023-08-08,0.0005006579158264302,0.0007566479140543869,0.00023635283946843444,0.00015289183197109146
2023-08-09,-5.028522631023158e-05,0.0005646862512862505,0.00023452027914316886,0.0002307642445311675
2023-08-10,0.0001413008972575014,-0.0007642096428062128,0.00023745045435119572,4.80539586988904e-05
2023-08-11,0.0002679814549877424,0.0037315702887177338,0.00025172257445205126,0.00024427032377905
2023-08-12,0.010682237222646052,-0.0002975804119711434,-0.003827949086374849,0.00932526283979418
2023-08-13,0.0001941187812564138,-0.005994262864763122,0.00020832311463658826,0.0001228176400331904
2023-08-14,-0.010544135332285043,-1.460076414028233e-05,0.004208968513881528,-0.009132483712005257
2023-08-15,0.0006519008628220746,0.0007272635801756078,0.00018906876418767204,0.0001354595923992452
2023-08-16,0.00011747651102211876,0.0005452576484459293,0.0001732554668396613,0.0002189288967271441
2023-08-17,0.0003210491180141162,-0.0007784635749472635,0.00016273448956449776,4.099729339879232e-05
2023-08-18,0.0004557948318473226,0.0037327069662989043,0.00016434868178283324,0.00024053384071387462
2023-08-19,0.010855889305850575,-0.0003005971131592178,-0.003921744346083278,0.009315987459351804
2023-08-20,0.00038449926881023444,-0.006006126697559733,9.872567679769517e-05,0.00012265708134773234
2023-08-21,-0.01033461519829526,-1.1316784638171207e-05,0.00408636205089663,-0.00912472737169423
2023-08-22,0.0008320308373148677,0.0007344396926116659,6.416373311424195e-05,0.00013416379813580015
2023-08-23,0.0002876874563779719,0.0005546113339349734,4.321634693926768e-05,0.00021543390562928089
2023-08-24,0.0004763360844028952,-0.0007686582767497674,2.9554125405173437e-05,3.462730715164675e-05
2023-08-25,0.0005932903121239619,0.0037562667792077065,3.0103879654408416e-05,0.00023020019218233934
2023-08-26,0.010942397284449568,-0.0002798932062157977,-0.004053227736490972,0.009293609808352477
2023-08-27,0.0004790546649831029,-0.005989861133967822,-3.176237293922579e-05,0.00010337886671618612
2023-08-28,-0.010229804725093827,2.6458498888937143e-05,0.003960568790015939,-0.009141619078490093
2023-08-29,0.0008772562002707929,0.0007846146783760943,-5.323560542191963e-05,0.00010449905890297373
2023-08-30,0.00030892187913944547,0.0006171216425441273,-6.501455025087477e-05,0.0001807206402408834
2023-08-31,0.0004709775695963536,-0.0006941852693584938,-6.778675217866681e-05,-4.612992267949423e-06
2023-09-01,0.0005618524005410741,0.0038551771081813957,-5.481628138936934e-05,0.00018665510959570142
2023-09-02,0.010851964655578028,-0.0001711313355393651,-0.004125982223742719,0.009240792225630345
2023-09-03,0.00040017362333477635,-0.005871614053822305,-8.844838819288547e-05,5.4165073875456216e-05
2023-09-04,-0.010297085160192454,0.00017451734502849092,0.003921523182012887,-0.009187650806639747
2023-09-05,0.0007541317537600456,0.0009534724303617015,-7.815073988226562e-05,5.225528534813506e-05
2023-09-06,0.0001698427137113434,0.0008052757017955603,-7.373624253370625e-05,0.00012873203262309119
2023-09-07,0.0003163176931093581,-0.00048823510466011744,-6.043186640025677e-05,-5.513297235160142e-05
2023-09-08,0.0003947466890055207,0.0040833854074466824,-3.179794806518199e-05,0.00013855065497203611
2023-09-09,0.010650274885571243,7.033132218015048e-05,-0.0040902750227815865,0.009193660307095008
2023-09-10,0.00022022433792878715,-0.005616185216433034,-3.634072516933706e-05,1.4597690994655466e-05
2023-09-11,-0.01045734879124749,0.0004469965370754725,0.0039882625859744,-0.009219925044760435
2023-09-12,0.0005692608323495385,0.001237253598714183,-2.2867364023460013e-06,2.411163680049455e-05
2023-09-13,-1.0225125259832879e-05,0.0010977596707573145,1.1709236506840526e-05,0.00010755544512508486
2023-09-14,0.00014265704250515654,-0.00018856767872421631,3.277137856283474e-05,-6.878291802048242e-05
2023-09-15,0.0002305733958778422,0.004382273592875352,6.721503707618481e-05,0.00013273902766597345
2023-09-16,0.010485773668037934,0.0003737120130651306,-0.003987673602738773,0.009194997971541552
2023-09-17,8.47017638947456e-05,-0.005304453816843302,6.857566662943348e-05,2.480629262979761e-05
2023-09-18,-0.010566199221313743,0.0007461112649316259,0.00409216537739554,-0.00920087943024328
2023-09-19,0.00046755805452725063,0.0015280396312802313,9.94661004456443e-05,4.985069605711878e-05
2023-09-20,-9.125593384184949e-05,0.0013797652285745254,0.0001091395379992921,0.00014033066045460174
2023-09-21,8.2800537689387e-05,8.613873090679292e-05,0.00012406051504254556,-2.9577031163019463e-05
2023-09-22,0.00019271699526002273,0.004630507471461431,0.00015069569324199783,0.00017753569848388828
2023-09-23,0.010464760769467896,0.0006198319123034146,-0.003910859666304223,0.009242063425846103
2023-09-24,9.17126096051657e-05,-0.0050525443002119586,0.00013253927489809136,7.76655892928968e-05
2023-09-25,-0.01053168620743905,0.0009611578501875773,0.004141407266381458,-0.009141860690138892
2023-09-26,0.0005178824635383439,0.0017230025760790468,0.00013931077279760729,0.00010763782857003967
2023-09-27,-2.0285340532555374e-05,0.0015577182764108244,0.00013615822986712267,0.00019869144721940124
2023-09-28,0.00017269741024827923,0.0002520250033941629,0.00013799907012157497,2.8427295468036462e-05
2023-09-29,0.00029996404606347227,0.0047576271199929465,0.000151554364072215,0.00023396582737422733
2023-09-30,0.01057852366822476,0.0007472381731481459,-0.003919090582657825,0.009290061995529841
2023-10-01,0.00022686968084673076,-0.004915121278488255,0.00010823679481775095,0.00012796470453646513
2023-10-02,-0.010373143377240934,0.0010517416541846458,0.004101970624979856,-0.009088615841985392
2023-10-03,0.0006746661460221848,0.0017917116555949963,9.289363914866122e-05,0.00014950329064999934
2023-10-04,0.0001440850754574896,0.001609210583252585,8.019873671072375e-05,0.00023512096632205548
2023-10-05,0.000341425163113529,0.0002922755061898208,7.373282663336589e-05,5.9187945998573355e-05
2023-10-06,0.00047078981228065864,0.00475587908570585,8.032612241448689e-05,0.0002583888598859385
2023-10-07,0.01072936687286008,0.0007482896123409688,-0.003993387190437403,0.009299530951929924
2023-10-08,0.00039418081584918774,-0.004902757971700367,2.71424101929707e-05,0.00013951251936306086
2023-10-09,-0.010185717902687075,0.0010132983640229742,0.004016527341624165,-0.009074591499243723
2023-10-10,0.0008329692174215975,0.0017298951644566518,8.487500938514358e-06,0.0001482150501894708
2023-10-11,0.00029631715269640146,0.0015286190781782505,-3.8676226764566835e-06,0.0002274851217654028
2023-10-12,0.000484461126817326,0.00019842629504540632,-8.65340527334002e-06,4.568376771740823e-05
2023-10-13,0.0006036201139090203,0.004619129005934752,8.587725186526285e-07,0.00023892234114764044
2023-10-14,0.010820272212623605,0.0006118590349837305,-0.004068690205503822,0.009266111645969355
2023-10-15,0.0005040447320583397,-0.00503240935106497,-4.356518608050752e-05,0.00010984407528447093
2023-10-16,-0.010053162412355099,0.0008348570362786134,0.003952127110702142,-0.009100923623900914
2023-10-17,0.0009189870283938806,0.0015293904368589573,-4.963923961120997e-05,0.00010902419233627114
2023-10-18,0.0003723972822946564,0.0013115973369133282,-5.50355213122522e-05,0.0001841115978766794
2023-10-19,0.0005484953769465672,-2.902377290825431e-05,-5.254655678188502e-05,-1.3459413389371733e-06
2023-10-20,0.0006563378856507818,0.004360501474635292,-3.560539198399493e-05,0.00018823698204362138
2023-10-21,0.010825484838430821,0.0003579224486125465,-0.004099237570947656,0.009206153459502042
2023-10-22,0.0005372167408992379,-0.0052762529433646455,-6.545205904695539e-05,5.356456775840179e-05
2023-10-23,-0.009989374428432618,0.0005650946784228061,0.003938932107536042,-0.009154797824115435
2023-10-24,0.0009351487678763704,0.001256619665015668,-5.7881984730112634e-05,4.700015164815774e-05
2023-10-25,0.0003842949345922442,0.001042981527250797,-5.719336537479691e-05,0.00011980347574236383
2023-10-26,0.0005545087384655201,-0.00028652750752633516,-4.918354227312349e-05,-6.757301501636448e-05
2023-10-27,0.0006577921707533463,0.004106493649000065,-2.733582584646399e-05,0.00012021507279658117
2023-10-28,0.010785285158529945,0.0001302389108137625,-0.004088484039707629,0.00913456724279782
2023-10-29,0.000533842780051641,-0.005473046703199702,-4.930168878181096e-05,-1.62468099156321e-05
2023-10-30,-0.009954655425661207,0.00038574746215869204,0.003959649181062286,-0.00922433626703223
2023-10-31,0.0009282483021066934,0.0011086448480182032,-3.657070594809131e-05,-2.4276333374761982e-05
2023-11-01,0.00037940289041249464,0.0009318407486667013,-3.4176309713584985e-05,4.891036846133012e-05
2023-11-02,0.0005493003824765808,-0.00035623021463571103,-2.4994873000006024e-05,-0.00013747087280546744
2023-11-03,0.0006527534036748772,0.0040764303573765925,-2.445171962461856e-06,5.2044061958911314e-05
2023-11-04,0.010742798397546771,0.000148957839222863,-0.004064491213566668,0.009071154288610828
2023-11-05,0.0005304181279628395,-0.005402904521963459,-2.4064049824579214e-05,-7.807241258062092e-05
2023-11-06,-0.009918923746235486,0.0004992997171524571,0.0039855650162796685,-0.009285440375886744
2023-11-07,0.0009232937676146857,0.0012685913857028996,-1.2208539545088826e-05,-7.729354859731252e-05
2023-11-08,0.0003756981965614692,0.001137113742113005,-1.0416949619229676e-05,2.064177272442791e-06
2023-11-09,0.0005434506363501956,-0.00010697439520079843,-1.9012439185228658e-06,-0.00017730028901397077
2023-11-10,0.0006442151267369578,0.004357489786315227,1.9966873134436014e-05,2.0382890855374924e-05
2023-11-11,0.010693502535214838,0.00046856844314380197,-0.004043250139759702,0.009053970281288848
2023-11-12,0.0005152717950898111,-0.005043808837230768,-2.8651929081524585e-06,-9.089190952837889e-05
2023-11-13,-0.009900705162116386,0.000867637500240992,0.004006506657122655,-0.009293675753526465
2023-11-14,0.000895759895425341,0.0016468972509484647,7.786850354740693e-06,-6.848815555482446e-05
2023-11-15,0.0003435617387128609,0.0015189079162913899,9.061913162522472e-06,2.2562968456707466e-05
2023-11-16,0.0005033679286339243,0.0002735042592563186,1.7052932069550053e-05,-0.00014498903487736303
2023-11-17,0.0005958701680812695,0.0047055965804476685,3.834618319076277e-05,6.482935979468252e-05
2023-11-18,0.010601344259408174,0.0008070604716909902,-0.004025479466361448,0.009115175698161782
2023-11-19,0.00045117785463810733,-0.004712360397583382,1.4077137046486499e-05,-2.3728749912854674e-05
2023-11-20,-0.009938095192393304,0.0011304626800265893,0.0040221938229763055,-0.009219492332708135
2023-11-21,0.0008127655387979438,0.001855011019942454,2.2294676441880767e-05,2.0315175320639867e-05
2023-11-22,0.0002544820287704308,0.001669609298461605,2.191687021180222e-05,0.00012039830738053148
2023-11-23,0.00040647101526714025,0.0003671291412732369,2.7871248612365562e-05,-3.948361326355787e-05
2023-11-24,0.0004923117856481252,0.0047047690338630765,4.670075292367848e-05,0.0001765744062702801
2023-11-25,0.010462847717952473,0.0007564888060347386,-0.0040195821419360955,0.009230829279921915
2023-11-26,0.00034004556154210164,-0.004805476560040378,1.6134369950515648e-05,9.414002687124778e-05
2023-11-27,-0.010023281003919582,0.0009283307038079336,0.004019885322078975,-0.009098141370454504
2023-11-28,0.0006965048162723697,0.0015756168586251729,1.6159203737986516e-05,0.00013873672535691384
2023-11-29,0.0001409093063853284,0.0013215295176820518,1.104257989448243e-05,0.00023543909906686977
2023-11-30,0.00029563123856468643,-3.935810561894737e-05,1.1894258808986535e-05,7.028517719920302e-05
2023-12-01,0.0003864115885467978,0.004220080682725724,2.5332476411232818e-05,0.00027887796088932326
2023-12-02,0.010342268939272925,0.0002405833228316112,-0.0040462696517867824,0.009316107440638932
2023-12-03,0.00025166130767728667,-0.005343330585065753,-1.661243466244411e-05,0.0001757370896178223
2023-12-04,-0.010080195355483434,0.00033755451108663515,0.003981473378192879,-0.009019261780062737
2023-12-05,0.0006303229840012303,0.000965049426825626,-2.7517157215273258e-05,0.0001951987511277231
2023-12-06,9.018095304846874e-05,0.0007064626345387737,-3.7739575706075e-05,0.00027733034128973877
2023-12-07,0.00026034120966844654,-0.0006451552628630175,-4.150586946993773e-05,9.730702234866939e-05
2023-12-08,0.00036779292150401766,0.003631738731602052,-3.203828433495648e-05,0.000290321221433798
2023-12-09,0.010323794669731434,-0.0003108891558735172,-0.004107774152301791,0.009301043685122856
2023-12-10,0.0002688222603210999,-0.00585326117566487,-7.964636484547594e-05,0.00015747766441798206
2023-12-11,-0.010026892451625136,-0.00011379932449762098,0.003918737480551604,-0.009040172723241091
2023-12-12,0.0006830968838860141,0.0005831221750882687,-9.137819780480338e-05,0.00015002016921839
2023-12-13,0.000161178399648243,0.0004022270568293518,-0.00010022622384509017,0.00022077803704290133
2023-12-14,0.00034725048596917496,-0.0008669016045469435,-0.00010122285528102459,3.1475975007966284e-05
2023-12-15,0.000469282168636731,0.0035117983375219097,-8.753011938877897e-05,0.00021684492583617931
2023-12-16,0.010417170412800658,-0.0003458524855397549,-0.00416028419298109,0.009213823355307627
2023-12-17,0.0003931778221213378,-0.005807059578744833,-0.00012249217499959997,7.694541749247996e-05
2023-12-18,-0.009870061180924261,4.433684101501356e-05,0.003887555636922002,-0.009113716550102513
2023-12-19,0.0008220656283952632,0.0008359183050803409,-0.0001155314775520555,7.081145229870245e-05
2023-12-20,0.00030439632526824134,0.0007416663533137413,-0.00011319023134992445,0.0001463549328781788
2023-12-21,0.000489970699095732,-0.00045057916932944586,-0.00010187591471244595,-3.557335889936564e-05
2023-12-22,0.0006085264903805676,0.004005205669954881,-7.491229195244475e-05,0.00015921478988389914
2023-12-23,0.010519749345403673,0.00019812445684830315,-0.004136984173370051,0.009163869570611771
2023-12-24,0.0005158867787040666,-0.005220646101867454,-8.118089685538177e-05,4.458235887461193e-05
2023-12-25,-0.009725784409845284,0.0006669118017368358,0.003946780652483106,-0.009128207551251433
2023-12-26,0.000917375324119396,0.0014721462027915688,-4.467253011042338e-05,6.876313330628214e-05
2023-12-27,0.00038398028185437916,0.0013748776156110587,-2.769142719050155e-05,0.0001607796265163941
2023-12-28,0.0005492438424750112,0.0001654080070627728,-2.2375154439258083e-06,-4.362533099322441e-06
2023-12-29,0.0006458753176747933,0.004574838481356869,3.8093246991222074e-05,0.00020686780472223276
2023-12-30,0.010497565330319647,0.0007244878768917218,-0.00401298763591873,0.009223501621415497
2023-12-31,0.0005069217433122386,-0.0047400910764084925,5.57031067063285e-05,0.00012216773922002488
2024-01-01,-0.009721281573797924,0.0010478201270747167,0.004093447350623558,-0.009032313543544501
2024-01-02,0.0008582499728047033,0.001757078251818367,0.00010890668536789327,0.00017165611977798534
2024-01-03,0.00030311505678937145,0.0015577462082869697,0.00013171313529580786,0.0002727354891274292
2024-01-04,0.00044512742948255024,0.0002444973561477326,0.00016091781499638635,0.00011434880090899213
2024-01-05,0.0005203598158538547,0.004516536803626847,0.00020280537910410956,0.0003292997050730051
2024-01-06,0.010320532851100017,0.0005691019378450957,-0.0038460206843002887,0.009336871979040762
2024-01-07,0.0003479218358330982,-0.004985453839828624,0.00021742844283312301,0.00024270548050586704
2024-01-08,-0.009863430048630772,0.0006579890591542625,0.004245689936853481,-0.008904217486245813
2024-01-09,0.0006725546196917342,0.00125545517430381,0.00025729834703103194,0.00028068945424464253
2024-01-10,0.00011211560329416059,0.0009571772221170782,0.0002705509000786588,0.0003711997393800459
2024-01-11,0.0002505241934755986,-0.0004409255671919965,0.00028822604329259427,0.00020018643861874352
2024-01-12,0.00032623995631375635,0.0037425475988805967,0.00031677473098379316,0.0003997237131574405
2024-01-13,0.010110793036291144,-0.00025440513555097244,-0.0037398841102478375,0.00937383196147179
2024-01-14,0.00016892672683010979,-0.005849899649799761,0.00030069703002166825,0.00027784218896176327
2024-01-15,-0.01001326638962452,-0.0002448403341216432,0.004303927187102152,-0.008870606693672123
2024-01-16,0.0005191186276751747,0.0003435257664388125,0.0003049421162626409,0.00027719766242761956
2024-01-17,-2.144058852304731e-05,5.53631807882482e-05,0.00029970687327707246,0.00034788596948409634
2024-01-18,0.00013868150127449574,-0.0013172065239223096,0.0002987250645212214,0.00015808560674490657
2024-01-19,0.0002387486346417944,0.002926757368603372,0.0003087431620418801,0.00033912924655710164
2024-01-20,0.010039608951842416,-0.0010173649788418615,-0.00375758458495723,0.009280293471563006
2024-01-21,0.00013635622386964918,-0.006561169209686413,0.0002572290812454803,0.00018691657546021645
2024-01-22,-0.010007700555404786,-0.0008351081706685637,0.004236138780454146,-0.008958952477001292
2024-01-23,0.0005439954241985845,-0.0001337945775853333,0.00023038445582246325,0.00016302217592967239
2024-01-24,3.2858038013783286e-05,-0.00030360820558816837,0.00021165445794468773,0.00022649776455185844
2024-01-25,0.00022084706369818186,-0.0015582068808560612,0.00019884855160157144,3.282168271101504e-05
2024-01-26,0.00034729885318562914,0.0028502918809019118,0.00019885852504852863,0.00021252383464243074
2024-01-27,0.010160651724816061,-0.0009885606482166187,-0.0038691705834263956,0.009146167754190415
2024-01-28,0.00028962895322592885,-0.006440497555904479,0.00013286834705183992,6.83450552099174e-05
2024-01-29,-0.009820948429375642,-0.0005391835183703453,0.004102545816375036,-0.009062613326495828
2024-01-30,0.0007317935858335289,0.0002911623872847713,0.00010069761084907647,6.1024883628801874e-05
2024-01-31,0.00023253756674779247,0.00023382124072468535,8.210390639318277e-05,0.00013664201590235514
2024-02-01,0.0004270394309995318,-0.0009273020218293349,7.135782195155649e-05,-4.303905833413779e-05
2024-02-02,0.0005556030411786317,0.0035938619420159412,7.523218611571458e-05,0.0001516807756392069
2024-02-03,0.010342499920963144,-0.0001985906293030526,-0.003984497078934224,0.009097801322980104
2024-02-04,0.00048722746550078355,-0.005620073225788946,2.1392068640491146e-05,3.9615770549561447e-05
2024-02-05,-0.009605617086086315,0.0003425117750806006,0.003997618993856866,-0.00907319609388646
2024-02-06,0.0009033682631067741,0.0011871273586245845,7.376243153833784e-06,6.217749023607055e-05
2024-02-07,0.00038604991219948204,0.0011202356119062173,-9.795553181923822e-07,0.00015082209983541262
2024-02-08,0.0005566801895211526,-7.08718119479812e-05,-8.829215802919066e-07,-1.7811590786287468e-05
2024-02-09,0.0006582441948215223,0.004402154042877804,1.4201614903397441e-05,0.00018531986780900844
2024-02-10,0.010380338841839754,0.0005421909731562202,-0.004034026163709403,0.009133729869999385
2024-02-11,0.0005287586327573646,-0.004951229725082551,-1.719647743636532e-05,8.072103398903963e-05
2024-02-12,-0.009559664206347795,0.0009063377102622727,0.003970217149726896,-0.009029324468894373
2024-02-13,0.0008762145817995393,0.0016384886891369632,-9.67235384885523e-06,9.750258140028834e-05
2024-02-14,0.0003261727814731774,0.0014518358793753627,-8.259366224727671e-06,0.00017749186983051501
2024-02-15,0.0004617513696101305,0.00013896574729010958,7.84976160739248e-07,-3.3016161308241365e-06
2024-02-16,0.0005294563634319349,0.004464063599512347,2.387667157410789e-05,0.0001840067816056834
2024-02-17,0.01018620744549703,0.0004894162418340731,-0.004017744305167881,0.009108532462879904
2024-02-18,0.0003404997926355069,-0.0051095505852980505,5.419073478396541e-06,3.9269699126931457e-05
2024-02-19,-0.00974395798553862,0.0005992335552149619,0.003997814255092713,-0.00909007044704535
2024-02-20,0.0006339259002998698,0.0012129153138631388,2.1247369271781835e-05,5.939685368439029e-06
2024-02-21,6.517278334472465e-05,0.000922165401762598,2.5203105518567526e-05,5.908383164698883e-05
2024-02-22,0.0001839981041098504,-0.0004791693398250585,3.575303355951576e-05,-0.00014885057280533687
2024-02-23,0.0002394961453460187,0.003758069666208508,5.939167340973661e-05,1.1577960134401266e-05
2024-02-24,0.009871311535983196,-0.0002675465239391217,-0.00398208928720567,0.00891130983523758
2024-02-25,4.3304058420012836e-05,-0.005907542448255421,3.97205391282629e-05,-0.0001806328092871512
2024-02-26,-0.01002740278434655,-0.0002329078551724928,0.004029734833857379,-0.009335565267217572
2024-02-27,0.00034150302030178104,0.00037434883528408847,5.1640499492133785e-05,-0.00025479104762982097
2024-02-28,-0.00021584347768710543,9.607862421501245e-05,5.315583985776584e-05,-0.00021516451490088961
2024-02-29,-8.199682629950189e-05,-0.0012778424431253432,6.108736317389507e-05,-0.00043217563586872565
2024-03-01,-7.312660409986016e-06,0.003021020459884838,8.206834779134198e-05,-0.00027515292332092045
2024-03-02,0.009649131644944742,-0.0009518507659034281,-0.003960675310907491,0.008643323884639287
2024-03-03,-0.00015250295693924887,-0.006540505256310114,5.759140637207061e-05,-0.0004550756109729104
2024-03-04,-0.010200393204353286,-0.0007483542571736779,0.004044163591980565,-0.009617974612410762
2024-03-05,0.00020445993887219238,-3.287418713504575e-05,6.58464706719819e-05,-0.000497300717902105
2024-03-06,-0.0003199816394446886,-0.00019889028147646037,6.626216203553525e-05,-0.00043098048566858616
2024-03-07,-0.0001513829841169878,-0.0014618367217293926,7.362735249993868e-05,-0.0006161593052408376
2024-03-08,-4.1172158525948355e-05,0.0029907666379578313,9.459865862249117e-05,-0.00042062364802641916
2024-03-09,0.009661707011383358,-0.0008845645955025683,-0.003945860994816863,0.008572019458339408
2024-03-10,-0.00011575389674567393,-0.006388028905082388,7.186733631536768e-05,-0.0005101349772812513
2024-03-11,-0.01014000484543165,-0.0004337390950108766,0.004058256140241356,-0.009655472603319004
2024-03-12,0.00030999584884061626,0.00040108637155156224,8.375479910904815e-05,-0.0004479764858636992
2024-03-13,-0.0001833053110049665,0.0003397100056834468,8.661390709852057e-05,-0.0003256250732622812
2024-03-14,1.5060237959163558e-05,-0.000834912608691174,9.67000532130502e-05,-0.0004548205852383802
2024-03-15,0.0001524860924393412,0.0037240028621727816,0.00012056199937404699,-0.0002021424621361234
2024-03-16,0.009883598308128017,-0.00010259752528718469,-0.003914686852146354,0.008873633926327118
2024-03-17,0.00012135441132654634,-0.005568528698469577,0.00010385115276689838,-0.0001869010022228501
2024-03-18,-0.009884201055354924,0.0004507811423428709,0.004090525322743677,-0.009305996188538557
2024-03-19,0.0005826830355875057,0.001311470979803664,0.00012079770583350857,-2.7087471559883447e-05
2024-03-20,0.00010113287182833552,0.0012574148405459784,0.000125703914167552,0.00013518992845629185
2024-03-21,0.00030772348831020757,7.524604611219843e-05,0.00013732612308769987,3.929782402667392e-05
2024-03-22,0.00044998115830408025,0.004608785737084231,0.00016211534124099813,0.00031890841489445876
2024-03-23,0.010168561001298926,0.0007479961633445331,-0.003869598351628367,0.009415873247639928
2024-03-24,0.0004163761422015799,-0.00474986096279606,0.00014539169675531483,0.00035941163645869523
2024-03-25,-0.009572993440544297,0.0,0.004127251166937462,-0.008748972216336304
2024-03-26,0.0008683555045851943,0.0,0.00015888588647650081,0.0005217707318030396
2024-03-27,0.0003783357510196428,0.0,0.00016095605346677644,0.000670063681019295
2024-03-28,0.0005725887719758571,0.0,0.000168960134696583,0.0005525546885694066
2024-03-29,0.0007005224462284243,0.0,0.0001893837926862929,0.0008019210153227263
2024-03-30,0.010370076212082857,0.0,-0.0038430493140406696,0.009830394330401226
2024-03-31,0.0006319990968897127,0.0,0.00016213326777436698,0.0007585745789513432
2024-04-01,-0.00933732893112893,0.0,0.0041334641720622844,-0.008359288768605033
2024-04-02,0.0010462299240692197,0.0,0.00016298058166164253,0.0008210262857182293
2024-04-03,0.0005377546293827695,0.0,0.00015831918946762613,0.0009108373008557269
2024-04-04,0.0007101619098319745,0.0,0.00015946167312330672,0.0007333378831706483
2024-04-05,0.0008160462433590698,0.0,0.0001730252214708905,0.0009190872769893055
2024-04-06,0.010418755268088997,0.0,-0.0038616944250030594,0.009834829579932203
2024-04-07,0.0007036240704467733,0.0,0.0001326190691528506,0.0007506514746398185
2024-04-08,-0.009239514329907661,0.0,0.004093834028438659,-0.008377325284035675
2024-04-09,0.0010733116344869842,0.0,0.00012222900845038076,0.0006934387507604445
2024-04-10,0.0005461373289445959,0.0,0.00011285071889699516,0.000727963389998143
2024-04-11,0.0006969716920501856,0.0,0.00011004988680762828,0.0005010116427606182
2024-04-12,0.0007821692909601996,0.0,0.00012052684867480679,0.0006405535340485713
2024-04-13,0.010318607087835385,0.0,-0.0039130439139417605,0.009475236421803146
2024-04-14,0.0006327466939470838,0.0,7.664053306610796e-05,0.000403543759003977
2024-04-15,-0.00928134088617627,0.0,0.004034918137113985,-0.008714294143764678
2024-04-16,0.0009652126760286706,0.0,6.722757519073141e-05,0.000297574164652481
2024-04-17,0.00042468342031787287,0.0,5.97500999779399e-05,0.00031967041240443805
2024-04-18,0.0005601552355838368,0.0,5.981865029891509e-05,8.817489151979885e-05
2024-04-19,0.0006316212543762134,0.0,7.407480331700356e-05,0.0002289514432478601
2024-04-20,0.010116591265211028,0.0,-0.003953081802521297,0.00905419530488727
2024-04-21,0.0004620761431792797,0.0,4.0054483114504436e-05,1.8681980348933536e-05
2024-04-22,-0.009423300946663105,0.0,0.004002906670650397,-0.009068087083327181
2024-04-23,0.0007757501113572207,0.0,4.3304514304454145e-05,-4.51929742221191e-05
2024-04-24,0.00023201186777499494,0.0,4.271746907402729e-05,6.644877395878268e-06
2024-04-25,0.0003637334549444482,0.0,4.990588435038745e-05,-0.0001913013719285761
2024-04-26,0.00043378123772974675,0.0,7.13614731715495e-05,-1.4189764595107235e-05
